yearmonth,returnername,rank
200704,Abdelhak Hameurlaine,1507
200707,Abdul Mumin Babalola,738
201404,Abdulhameed Alshatti,2017
201507,Abdullah Maqdas,1695
200508,Adam Chadaj,230
201204,Adam Kellner,346
200307,Adam Kennedy,431
200903,Adam Thompson,830
201507,Aditya Hari Sasongko,1430
200409,Adrian Bohane,1416
200809,Adrian Cruciat,183
200801,Adrian Garcia,213
201511,Adrian Mannarino,42
201507,Adrian Menendez Maceiras,114
201503,Adrian Ungur,159
200307,Adrian Voinea,137
200907,Adrians Zguns,600
201507,Adrien Bossel,282
200906,Agustin Calleri,148
201302,Agustin Velotti,186
200903,Ahmad Rabeea Muhammad,1428
201509,Aisam Ul Haq Qureshi,1177
200701,Alan Mackin,270
201406,Albano Olivetti,161
200604,Albert Costa,249
201510,Albert Montanes,112
200704,Albert Portas,131
201510,Albert Ramos,58
200104,Alberto Berasategui,186
200807,Alberto Brizzi,273
201005,Alberto Martin,136
201307,Aldin Setkic,223
201509,Alejandro Falla,123
201507,Alejandro Gomez GB42,698
201508,Alejandro Gonzalez,119
200503,Alejandro Hernandez,236
201509,Aleksandr Nedovyesov,114
200409,Alessandro Camarco,540
201405,Alessandro Giannessi,366
201005,Alessio Di Mauro,257
201107,Alex Bogdanovic,403
201404,Alex Bogomolov Jr,85
201503,Alex Bolt,164
200607,Alex Calatrava,188
200508,Alex Clayton,1281
200504,Alex Corretja,153
200403,Alex Kim,166
201407,Alex Kuznetsov,149
201507,Alex Llompart,1418
200108,Alex Obrien,316
201007,Alexander Blom,1614
201209,Alexander Bury,646
201502,Alexander Kudryavtsev,117
201509,Alexander Lazov,425
201204,Alexander Peya,708
200510,Alexander Popp,241
200402,Alexander Reichel,1154
201107,Alexander Sadecky,401
201507,Alexander Sarkissian,204
200302,Alexander Shvec,675
201106,Alexander Slabinsky,558
201307,Alexander Ward,382
200708,Alexander Waske,139
201510,Alexander Zverev,83
201511,Alexandr Dolgopolov,37
201509,Alexandre Sidorenko,508
200404,Alexandre Simoni,301
201404,Alexandros Jakupovic,503
200907,Alexey Kedryuk,387
201304,Alexis Klegou,1392
201404,Ali Ghareeb,1929
200302,Alistair Hunt,1332
201511,Aljaz Bedene,49
201507,Aljaz Radinski,1279
200509,Aljoscha Thron,901
200802,Alun Jones,125
201003,Alvaro Raposo De Oliveira,761
201204,Amer Delic,210
200509,Amir Hadad,344
201507,Amir Weintraub,436
200404,Amro Ghoneim,1093
201204,Anas Fattar,767
201409,Andis Juska,710
200608,Andre Agassi,39
201302,Andre Gaspar Murta,912
201502,Andre Ghem,173
200709,Andre Sa,423
201507,Andrea Arnaboldi,165
200305,Andrea Gaudenzi,136
200902,Andrea Stoppini,209
201502,Andreas Beck,110
201510,Andreas Haider Maurer,64
201511,Andreas Seppi,28
201307,Andreas Vinciguerra,572
201503,Andrei Ciumac,892
201204,Andrei Daescu,680
201202,Andrei Gorban,781
200905,Andrei Karatchenia,589
200503,Andrei Luzgin,1311
200110,Andrei Medvedev,172
200909,Andrei Pavel,646
200410,Andrei Stoliarov,361
201209,Andrei Vasilevski,785
200404,Andrej Kracman,989
201407,Andrej Martin,189
201402,Andres Artunedo Martinavarr,340
201502,Andres Molteni,280
200409,Andres Pedroso,286
200902,Andrew Anderson,1564
200307,Andrew Carlson,1089
200307,Andrew Ilie,394
200304,Andrey Dernovskiy,1180
201509,Andrey Golubev,154
201209,Andrey Kumantsov,347
201510,Andrey Kuznetsov,88
201510,Andrey Rublev,180
200104,Andrian Raturandang,1033
201511,Andy Murray,2
200702,Andy Ram,884
201208,Andy Roddick,21
201507,Anoosha Shahgholi,1527
200602,Antal Van Der Duim,995
201510,Ante Pavic,656
201502,Antonio Veic,228
200707,Antony Dupuis,221
201507,Antso Rakotondramanga,2018
201304,Aqeel Khan,1574
201409,Ariel Behar,920
201209,Ariez Elyaas Deen Heshaam,1557
200607,Armin Sandbichler,570
201302,Arnau Brugues Davi,184
201205,Arnaud Clement,139
200409,Arnaud Di Pasquale,244
200905,Arsenije Zlatanovic,1421
200106,Artem Derepasko,272
201304,Artem Sitak,455
201109,Artem Smirnov,294
201504,Arthur De Greef,241
200604,Arvind Parmar,206
200704,Ashkan Shokoofi,1049
201510,Aslan Karatsev,207
201304,Attila Balazs,256
200409,Attila Savolt,592
201108,Augustin Gensse,155
201510,Austin Krajicek,124
201405,Axel Michon,206
200207,Axel Pretzsch,134
201404,Ayoub Chakrouni,1206
200907,Ayrton Wibowo,1356
200207,Balazs Veress,1321
201503,Bar Tzuf Botzer,893
201202,Baris Erguden,1606
200104,Baris Ergun,1225
200206,Barry Cowan,251
201107,Barry King,1013
200404,Bartlomiej Dabrowski,614
200712,Bartolome Salva Vidal,326
201304,Bassam Beidas,1086
201306,Bastian Knittel,210
201507,Bastian Trinker,417
200207,Ben Ellwood,827
201507,Ben Fatael,789
200409,Ben Qiang Zhu,593
200802,Benedikt Dorsch,236
201507,Benjamin Balleret,331
201510,Benjamin Becker,87
200207,Benjamin Cassaigne,347
201507,Benjamin Lock,701
201301,Benjamin Mitchell,334
201511,Benoit Paire,23
201511,Bernard Tomic,18
200404,Bernardo Mota,744
201508,Bjorn Fratangelo,106
201402,Bjorn Phau,223
200901,Bjorn Rehnquist,191
201202,Blake Strode,393
201507,Blaz Kavcic,131
201508,Blaz Rola,124
200802,Blazej Koniusz,524
200503,Bob Bryan,918
201308,Bobby Reynolds,133
200706,Bohdan Ulihrach,145
201302,Boris Pashanski,174
201511,Borna Coric,46
200509,Bostjan Osabnik,381
201409,Bowen Ouyang,1098
201307,Boy Westerhof,236
201408,Bradley Klahn,117
201408,Brayden Schnur,612
201006,Brendan Evans,318
201308,Brian Baker,185
201107,Brian Dabul,164
200602,Brian Vahaly,164
200702,Brian Wilson,249
201107,Bruno Abdel Nour,1135
200908,Bruno Agostinelli,1171
200903,Bruno Echagaray,356
201209,Bruno Rodriguez,914
200407,Bruno Rosa,1124
200503,Bruno Soares,347
201506,Brydan Klein,177
200209,Byron Black,265
201101,Caio Zampieri,316
201507,Calvin Hemery,209
200707,Candy Idoko,1090
200602,Carlos Alvarez,1488
200905,Carlos Avellan,321
201505,Carlos Berlocq,111
200604,Carlos Cuadrado,225
201204,Carlos Gomez Herrera,671
201005,Carlos Moya,514
200609,Carlos Palencia,557
201307,Carlos Salamanca,310
201101,Carsten Ball,158
200709,Catalin Gard,250
201103,Cecil Mamiit,738
200105,Cedric Kauffmann,250
200210,Cedric Pioline,124
201306,Cedrik Marcel Stebe,166
201510,Cem Ilkel,443
201404,Cesar Ramirez,660
201404,Charalampos Kapogiannis,949
201408,Chase Buchanan,172
200104,Chemseddine Belal,553
201509,Chieh Fu Wang,1047
200903,Chris Eaton,383
201406,Chris Guccione,613
200203,Chris Woodruff,156
201507,Christian Garin,271
201307,Christian Harrison,373
201507,Christian Lindell,177
200105,Christian Ruud,173
200302,Christian Vinck,267
200107,Christophe Bosio,1152
201007,Christophe Rochus,160
201404,Christopher Diaz Figueroa,429
200306,Christopher Koderisch,1355
201503,Christopher Rungkat,582
201003,Chu Huan Yi,514
201503,Chuhan Wang,378
200503,Claude Ngoran,967
201407,Clay Thompson,2159
200104,Clemens Trimmel,148
200907,Clement Morel,712
201209,Clement Reix,502
200802,Clint Bowles,1401
200901,Colin Ebelthite,254
201109,Colin Fleming,721
201304,Colin Obrien,1004
201204,Conor Niland,312
201504,Constant Lestienne,319
200907,Cristian Paiz,1138
200309,Cristiano Caratti,401
201007,Cristobal Saavedra Corvalan,410
200702,Cyril Saulnier,259
200607,Damian Patriarca,284
201508,Damir Dzumhur,98
201503,Danai Udomchoke,320
201202,Daniel Alejandro Lopez Cassaccia,702
201510,Daniel Brands,170
201406,Daniel Cox,214
200907,Daniel Danilovic,527
200902,Daniel Dutra Da Silva,263
201507,Daniel Elahi Galan Riveros,607
200509,Daniel Elsner,339
201406,Daniel Evans,139
201503,Daniel Garza,483
201510,Daniel Gimeno Traver,95
201503,Daniel Glancy,933
201304,Daniel King Turner,366
201006,Daniel Koellerer,109
201403,Daniel Kosakowski,366
200209,Daniel Melo,301
201511,Daniel Munoz De La Nava,87
200407,Daniel Nestor,542
201406,Daniel Smethurst,234
200201,Daniel Vacek,377
200909,Daniel Vallverdu,1035
200202,Daniel Willman,353
201005,Daniele Bracciali,323
201510,Darian King,243
200903,Dario Acosta,1447
201204,Darius Florin Bragusi,942
201507,David Agung Susanto,1056
201511,David Ferrer,8
201511,David Goffin,16
201502,David Guez,199
200605,David Luque Velasco,596
201005,David Marrero,262
200709,David Martin,725
200207,David Mullins,1262
201303,David Nalbandian,93
200406,David Prinosil,368
200509,David Sanchez,138
200509,David Sherwood,233
200701,David Skoch,730
201507,David Souto,706
201504,David Vega Hernandez,440
200709,Davide Sanguinetti,253
200806,Dawid Olejniczak,195
201503,Dawood Sayed Hashim,1969
201310,Dean Obrien,563
200106,Dejan Petrovic,318
200607,Dekel Valtzer,441
200907,Denes Lukacs,1042
200309,Denis Golovanov,729
201201,Denis Gremelmayr,189
201510,Denis Istomin,53
201510,Denis Kudla,68
200807,Denis Matsukevitch,364
201204,Deniss Pavlovs,620
201202,Dennis Lajola,719
201510,Dennis Novak,222
201503,Dennis Novikov,256
200702,Dennis Van Scheppingen,278
201309,Denys Molchanov,227
201002,Devin Britton,1461
200907,Devin Mullings,1006
201510,Di Wu,227
200204,Dias Doskarayev,971
200906,Dick Norman,263
200605,Didac Perez,578
200402,Diego Acuna,891
200307,Diego Ayala,1223
200407,Diego Cubas,1102
201204,Diego Galeano,788
200804,Diego Hartfield,137
201202,Diego Hidalgo,974
201204,Diego Junqueira,141
200402,Diego Moyano,247
201508,Diego Sebastian Schwartzman,68
200404,Diego Veronelli,172
201005,Dieter Kindlmann,162
201007,Dimitar Grabuloski,1340
201509,Dimitar Kutrovsky,307
201509,Dimitar Kuzmanov,313
200404,Dimitri Mazur,587
201404,Dinko Halachev,1155
201302,Dino Marcan,377
200109,Dinu Pescariu,669
200503,Diogo Rocha,638
200109,Dmitri Tomashevich,342
201507,Dmitrii Baskov,2018
200704,Dmitriy Makeyev,1245
200407,Dmitro Tolok,1031
201408,Dmitry Tursunov,58
200107,Dmitry Vlasov,288
201309,Dominic Inglot,941
201511,Dominic Thiem,19
201002,Dominik Hrbaty,154
201106,Dominik Meffert,204
201510,Donald Young,49
200304,Dong Hyun Kim,425
200209,Doug Bohaboy,283
201304,Dovydas Sakinis,1574
201508,Dudi Sela,104
201507,Duilio Beretta,409
201503,Duilio Vallebuona,1541
201511,Dusan Lajovic,87
201008,Dusan Lojda,169
200808,Dusan Vemic,178
201509,Dustin Brown,107
201507,Dzmitry Zhyrmont,241
201503,Edan Leshem,1222
200903,Eddy Chala,1263
200704,Edgar Hernandez Perez,1398
200610,Edgardo Massa,240
201511,Edouard Roger Vasselin,149
200102,Eduardo Rincon,885
201207,Eduardo Schwank,139
201407,Eduardo Struvay,336
201306,Edward Corrie,330
200208,Edwin Kempes,249
200104,Efe Ustundag,715
201509,Egor Gerasimov,302
201401,Elbert Sie,1421
201508,Elias Ymer,144
200304,Emanuel Couto,1043
200107,Emilio Benfele Alvarez,131
201404,Emilio Gomez,252
200208,Emin Agaev,368
201202,Enrique Olivares,1103
201007,Ergun Zorlu,866
200107,Erhan Oral,1247
200501,Eric Nunez,531
201205,Eric Prodon,115
201502,Eric Quigley,463
200709,Eric Taino,957
201204,Erik Chvojka,233
201007,Erling Tveit,598
201510,Ernests Gulbis,82
201107,Ervin Eleskovic,355
200104,Esat Tanik,692
201510,Evgeny Donskoy,118
201106,Evgeny Kirillov,378
201307,Evgeny Korolev,181
200205,Evghenii Plugariov,1378
201407,Fabiano De Paula,458
201511,Fabio Fognini,22
201502,Fabrice Martin,350
201001,Fabrice Santoro,67
201505,Facundo Arguello,137
201506,Facundo Bagnis,137
200602,Faisal Aidil,1335
201511,Farrukh Dustov,161
200102,Fazaluddin Syed,663
200404,Febi Widhiyanto,529
200405,Federico Browne,181
200104,Federico Camacho,1328
201510,Federico Delbonis,55
200304,Federico Dondo,823
201505,Federico Gaio,277
200707,Federico Luzzi,106
200909,Federico Sansonetti,565
201507,Federico Zeballos,506
201511,Feliciano Lopez,17
200601,Felipe Parada,385
201101,Felipe Rios,1285
200707,Felix Mantilla,435
201203,Fernando Gonzalez,221
200304,Fernando Meligeni,101
201102,Fernando Romboli,244
201511,Fernando Verdasco,47
200906,Fernando Vicente,268
200102,Filip Dewulf,171
201510,Filip Krajinovic,94
201508,Filip Peliwo,526
200809,Filip Polasek,760
201202,Filip Prpic,1426
200503,Filip Urban,434
201302,Filip Veger,836
201407,Filippo Volandri,119
201307,Flavio Cipolla,147
200902,Flavio Saretta,544
201409,Florent Serra,450
201508,Florian Mayer,216
200702,Florin Mergea,352
200802,Francesco Aldi,238
200905,Francesco Piccari,406
201508,Francis Tiafoe,257
200307,Francisco Clavet,214
200204,Francisco Costa,264
200505,Francisco Fogues,333
200604,Francisco Rodriguez,1100
200905,Franco Ferreiro,185
201503,Franco Skugor,560
200409,Franco Squillari,135
200504,Frank Condor,374
201508,Frank Dancevic,251
200609,Frank Moser,424
201010,Frantisek Cermak,830
200401,Fred Hemmes,215
200908,Frederic Niemeyer,487
200707,Frederick Sletting Johnsen,1380
201507,Frederico Ferreira Silva,269
201304,Frederico Gil,213
201503,Frederik Nielsen,306
200302,Fredrik Aarum,1332
201007,Fredrik Ask,1421
200107,Fredrik Jonsson,188
201507,Fritz Wolmarans,477
200801,G Jones,1214
201509,Gabor Borsos,842
200207,Gabor Jaross,976
200404,Gabriel Montilla,882
201204,Gabriel Moraru,418
200409,Gabriel Pitta,726
200302,Gabriel Trifu,252
201004,Gabriel Trujillo Soler,258
201511,Gael Monfils,20
200604,Galo Blanco,347
201509,Gastao Elias,179
200309,Gaston Etlis,260
201002,Gaston Gaudio,174
200607,Genius Chidzikwe,745
200902,George Bastl,227
201510,Gerald Melzer,164
201304,Gerard Granollers,280
201507,Gerardo Lopez Villasenor,1892
200507,Gergely Kisgyorgy,982
201505,Germain Gigounon,209
200109,German Puentes,140
201302,Gianluca Naso,200
200207,Gianluca Pozzi,240
201505,Gianni Mina,269
200604,Gilles Elseneer,156
201304,Gilles Kremer,1149
201510,Gilles Muller,43
201511,Gilles Simon,15
200604,Giorgio Galimberti,204
201507,Giovani Samaha,1573
201502,Giovanni Lapentti,307
200603,Glenn Weiner,230
201510,Go Soeda,119
200609,Goncalo Nicau,586
201502,Gonzalo Escobar,309
201509,Gonzalo Lama,375
200406,Goran Ivanisevic,415
200907,Goran Tosic,499
201207,Gorka Fraile,930
200610,Gouichi Motomura,273
201301,Greg Jones,373
200609,Greg Rusedski,136
201507,Grega Zemlja,301
201409,Gregoire Burquier,205
200601,Gregory Carraz,167
201511,Grigor Dimitrov,29
201202,Grzegorz Panfil,380
201502,Guido Andreozzi,194
201511,Guido Pella,76
201511,Guilherme Clezar,186
200903,Guillaume Couillard,1387
201308,Guillaume Rufin,95
200604,Guillem Burniol,505
201006,Guillermo Alcaide,238
200907,Guillermo Canas,151
200302,Guillermo Carter,904
200807,Guillermo Coria,557
201511,Guillermo Garcia Lopez,26
201209,Guillermo Hormazabal,289
201304,Guillermo Olaso,309
201103,Guillermo Rivera Aranguiz,352
200307,Gunther Darkey,693
200805,Gustavo Kuerten,1141
200605,Gustavo Marcaccio,406
201404,Gustavo Ramirez,1818
200907,Gvidas Sabeckis,564
200607,Gwinyai Tongoona,1093
201007,Gyorgy Balazs,507
201304,Haithem Abid,804
201204,Haluk Akkoyun,1078
201509,Hans Podlipnik Castillo,162
200507,Hao Lu,603
201009,Harel Levy,223
201304,Harri Heliovaara,696
200506,Harsh Mankad,255
201007,Harshana Godamanna,1011
201204,Haydn Lewis,766
200602,Hee Seok Chung,677
200307,Helder Lopes,465
200102,Helge Koll,376
200306,Hendrik Dreekmann,856
201109,Henri Kontinen,281
201510,Henri Laaksonen,304
200307,Henrik Andersson,388
201507,Henrik Sillanpaa,505
200507,Henry Adjei Darko,426
200702,Henry So,1209
200207,Herbert Wiltschnig,342
201401,Herkko Pollanen,713
200409,Hermes Gamonal,263
200102,Hernan Gumy,132
200504,Hicham Arazi,138
201404,Hicham Khaddari,512
200809,Hiroki Kondo,589
201509,Hiroki Moriya,219
200804,Hiu Tung Yu,1405
201109,Hong Chung,1428
201507,Horacio Zeballos,146
200802,Horia Tecau,550
201007,Hsin Han Lee,815
200804,Hugo Armando,205
201507,Hugo Dellien,278
201509,Hyeon Chung,58
201103,Hyun Joon Kim,800
200503,Hyun Joon Suk,1100
200809,Hyun Woo Nam,467
200907,Hyung Taik Lee,153
200406,Ian Flanagan,866
200204,Ignacio Hirigoyen,322
201306,Igor Andreev,416
201302,Igor Kunitsyn,167
200307,Igor Levine,854
201506,Igor Sijsling,170
200607,Ilia Kushev,520
201401,Ilija Bozoljac,268
200907,Ilija Martinoski,928
201509,Illya Marchenko,117
201010,Ilya Belyaev,334
200307,Ingo Neumuller,886
201511,Inigo Cervantes Huegun,98
200309,Ion Moldovan,393
200304,Iphton Louis,1334
200903,Irakli Labadze,523
200507,Irakli Ushangishvili,1104
201309,Isak Arvidsson,565
201007,Ismar Gorcic,563
200504,Israel Matos Gil,512
201304,Issam Al Tawil,918
200602,Ivan Cerovic,355
201508,Ivan Dodig,104
201202,Ivan Endara,551
201204,Ivan Ljubicic,53
201107,Ivan Miranda,674
201204,Ivan Navarro,232
201209,Ivan Nedelko,508
201003,Ivan Sergeyev,163
200109,Ivan Vajda,240
200707,Ivaylo Traykov,476
200207,Ivo Bratanov,872
200509,Ivo Heuberger,191
201511,Ivo Karlovic,21
201301,Ivo Klec,416
201209,Ivo Minar,187
201209,Izak Van Der Merwe,188
200207,Iztok Bozic,567
201204,Jaak Poldma,1149
200304,Jack Brasington,175
201511,Jack Sock,25
200601,Jacob Adaktusson,265
201310,Jacob Coenraad De Klerk,1485
200204,Jacobo Chavez,1152
200302,Jacobo Diaz,430
200802,Jae Sung An,329
200107,Jakub Herm Zahlava,335
200609,James Auckland,414
201308,James Blake,100
201509,James Duckworth,97
201001,James Lemke,456
201507,James Mcgee,150
200304,James Shortall,1180
201508,James Ward,135
201306,Jamie Baker,295
200607,Jamie Delgado,437
200704,Jamie Murray,1507
200607,Jan Frode Andersen,916
201402,Jan Hajek,111
201507,Jan Hernych,237
200207,Jan Kroslak,326
201510,Jan Lennard Struff,105
201503,Jan Mertl,218
200704,Jan Michael Gambill,671
200808,Jan Minar,303
200207,Jan Siemerink,254
200806,Jan Vacek,342
200305,Jan Weinzierl,342
201401,Janez Semrajc,305
201507,Janis Podzus,742
200507,Janis Skroderis,1479
201508,Janko Tipsarevic,443
200402,Janne Ojala,537
201508,Jared Donaldson,146
201510,Jarkko Nieminen,145
200307,Jaroslav Levinsky,403
201310,Jaroslav Pospisil,213
201405,Jason Kubler,352
200106,Jason Stoltenberg,116
200609,Jasper Smit,711
201507,Jaume Munar,683
200109,Javier Garcia Sintes,479
201305,Javier Marti,211
200303,Jay Gooding,708
200409,Jaymon Crabb,409
201404,Jean Andersen,863
200607,Jean Christophe Faurel,146
200809,Jean Claude Scherrer,1121
200206,Jean Francois Bachelot,170
200704,Jean Julien Rojer,296
200704,Jean Michel Durango,755
201204,Jean Rene Lisnard,393
201312,Jeevan Nedunchezhiyan,314
200206,Jeff Coetzee,608
200608,Jeff Morrison,157
200603,Jeff Salzenstein,495
200202,Jeff Tarango,442
200207,Jens Knippschild,247
201511,Jeremy Chardy,32
200409,Jerome Golmard,252
200910,Jerome Haehnel,675
201510,Jerzy Janowicz,65
201507,Jeson Patrombon,1203
201509,Jesse Huta Galung,436
201308,Jesse Levine,132
201006,Jesse Witten,186
201409,Jesus Bandres,931
200909,Jhonson Garcia,880
201503,Ji Sung Nam,487
200503,Jicham Zaatini,1089
200110,Jim Thomas,740
201509,Jimmy Wang,274
200602,Jimy Szymanski,540
200404,Jing Yi Li,1070
200102,Jing Zhu Yang,1076
200610,Jiri Novak,121
200905,Jiri Vanek,155
201511,Jiri Vesely,39
201511,Jo Wilfried Tsonga,10
201404,Joachim Bjerke,938
201103,Joachim Johansson,749
200307,Joan Jimenez Guerra,674
201503,Joao Domingues,599
201510,Joao Sousa,45
201509,Joao Souza,104
200410,Johan Settergren,383
200407,Johannes Ager,295
200304,John Doran,887
200204,John Hui,1023
201511,John Isner,13
201510,John Millman,76
201508,John Patrick Smith,133
200509,John Paul Fruttero,205
200602,John Van Lottum,493
200909,Johnny Arcilla,1465
200504,Johny De Leon,764
200209,Joji Miyao,1071
200810,Jonas Bjorkman,173
201205,Jonathan Dasnieres De Veigy,158
200309,Jonathan Erlich,557
200805,Jonathan Eysseric,390
200707,Jonathan Igbinovia,1118
200706,Jonathan Marray,263
200106,Jonathan Stark,1014
201501,Jordan Thompson,274
201509,Jordi Munoz Abreu,1028
201404,Jorge Aguilar,431
200604,Jorge Villanueva,1523
201102,Jose Acasuso,256
200805,Jose Antonio Sanchez De Luna,304
201202,Jose Benitez,1006
201009,Jose De Armas,662
201509,Jose Hernandez,200
201503,Jose Rubin Statham,497
200609,Jose Zunino,1043
200906,Joseph Sirianni,254
200202,Joseph Victorino,1382
201206,Josh Goodall,215
200906,Joshua Goodall,199
201307,Josko Topic,605
201304,Josselin Ouanna,156
200104,Juan Albert Viloca Puig,148
200609,Juan Andres Gomez,1437
200704,Juan Antonio Marin,259
200302,Juan Balcells,106
201210,Juan Carlos Ferrero,161
200809,Juan Carlos Ramirez,1341
201509,Juan Carlos Saez,241
200309,Juan Giner,558
201206,Juan Ignacio Chela,83
201407,Juan Ignacio Londero,193
200410,Juan Luis Tati Rascon,484
200707,Juan Manuel Elizondo,787
201002,Juan Martin Aranguren,257
201503,Juan Martin Del Potro,616
201508,Juan Monaco,40
201102,Juan Pablo Brzezicki,196
200708,Juan Pablo Guzman,132
201507,Juan Pablo Varillas Patino Samudio,633
201304,Juan Sebastian Cabal,484
201109,Juan Sebastian Vivanco,865
201404,Juho Paukku,1455
201509,Jui Chen Hung,706
201007,Julen Uriguen,1076
200410,Julian Knowle,255
201507,Julian Reister,759
201507,Julian Saborio,1185
201503,Julien Benneteau,28
200406,Julien Boutter,488
200407,Julien Jeanpierre,154
200610,Julien Mathieu,981
200305,Julien Varlet,163
201404,Julio Cesar Campozano,495
200302,Julio Peralta,540
201008,Julio Silva,228
200809,Jun Chao Xu,594
200302,Jun Kato,503
201204,Jung Woong Na,842
201508,Jurgen Melzer,130
201504,Jurgen Zopp,158
200509,Justin Bower,417
200710,Justin Gimelstob,547
200807,Justin Oneal,748
200408,KJ Hippensteel,210
200107,Kalle Flygt,333
200503,Kamil Capkovic,370
201503,Kamil Majchrzak,351
201103,Karan Rastogi,285
201410,Karen Khachanov,282
200204,Karim Alami,222
200804,Karim Alayli,1082
201401,Karim Hossam,339
201007,Karim Maamoun,403
201404,Karim Mohamed Maamoun,535
201009,Karlis Lejnieks,519
201208,Karol Beck,143
200512,Karol Kucera,297
201511,Kei Nishikori,8
200710,Kenneth Carlsen,304
200307,Kenneth Tuilier Curco,1351
201510,Kenny De Schepper,123
201409,Kento Takeuchi,441
200407,Kepler Orellana,344
201511,Kevin Anderson,12
201008,Kevin Kim,151
201407,Kevin King,344
201304,Kevin Krawietz,372
200607,Kevin Sorensen,858
200109,Kevin Ullyett,532
200307,Kim Tiilikainen,558
201507,Kimmer Coppejans,104
200804,Kirati Siributwong,978
200209,Kirill Ivanov Smolensky,544
201302,Kittipong Wachiramanowong,654
200808,Komlavi Loglo,611
200410,Konstantin Don Gruber,633
201509,Konstantin Kravchuk,151
201103,Konstantinos Economidis,916
200807,Konstantinos Mikos,1293
201003,Kornel Bardoczky,538
200204,Kristian Capalik,298
200807,Kristian Pless,128
201201,Kristijan Mesaros,295
201009,Kristof Vliegen,307
200107,Krystian Pfeiffer,629
201506,Kyle Edmund,101
201107,Kyu Tae Im,477
200307,Ladislav Svarc,344
200903,Lado Chikhladze,1012
201507,Lamine Ouahab,254
200704,Lars Burgsmuller,263
201002,Lars Poerschke,332
200506,Lars Uebel,288
201507,Laslo Djere,175
200707,Laurent Bram,1132
201502,Laurent Lokoli,214
201009,Laurent Recouderc,207
200607,Lauri Kiiski,825
201509,Laurynas Grigelis,259
200707,Lawal Shehu,1210
200903,Lazar Magdincev,1655
200504,Leander Paes,1074
200706,Lee Childs,408
200707,Lefteris Alexiou,1332
200607,Leonardo Azzaro,295
200409,Leonardo Kirche,682
201511,Leonardo Mayer,36
200202,Leonardo Olguin,235
201107,Leonardo Tavares,311
200110,Leos Friedl,613
200407,Lester Cook,1445
200108,Levar Harper Griffith,297
201506,Liam Broady,182
201309,Liang Chi Huang,228
200208,Lionel Roux,331
201508,Lleyton Hewitt,355
201503,Lofo Ramiaramanana,1602
201504,Lorenzo Giustino,384
200107,Lorenzo Manta,233
200205,Louis Vosloo,211
201407,Louk Sorensen,236
200902,Lovro Zovko,769
201507,Luca Vanni,141
201507,Lucas Gomez,694
201510,Lucas Miedler,522
201511,Lucas Pouille,84
201106,Ludovic Walter,287
200207,Luis Adrian Morejon,342
201503,Luis David Martinez,640
201110,Luis Diaz Barriga,489
200909,Luis Horna,319
200704,Luis Javier Cuellar Contreras,1507
200907,Luis Manuel Flores,478
200807,Luka Belic,766
201003,Luka Gregorc,325
201007,Lukas Dlouhy,607
201508,Lukas Lacko,116
201509,Lukas Mugevicius,623
201511,Lukas Rosol,66
201510,Lukasz Kubot,614
200701,Luke Bourgeois,369
200106,Luke Milligan,522
201506,Luke Saville,183
200104,Mads Gottlieb,1225
200110,Magnus Gustafsson,85
200302,Magnus Larsson,184
200309,Magnus Norman,77
200104,Mahesh Bhupathi,750
200903,Mahmoud Ezz,1384
200707,Mait Kunnap,1015
201510,Malek Jaziri,90
201202,Manuel Sanchez,627
201310,Mao Xin Gong,718
201509,Marat Deviatiarov,649
200911,Marat Safin,65
201304,Marc Abdulnour,983
200704,Marc Fornell Mestres,284
201402,Marc Gicquel,127
200307,Marc Kevin Goellner,453
200601,Marc Kimmich,313
201404,Marc Lopez,1014
200410,Marc Rosset,142
201304,Marcel Felder,522
201511,Marcel Granollers,88
200209,Marcello Craca,325
200207,Marcelo Amador,516
201507,Marcelo Arevalo,314
200107,Marcelo Barboza,582
200302,Marcelo Charpentier,194
201507,Marcelo Demoliner,1184
200307,Marcelo Rios,44
201103,Marcin Gawron,362
200709,Marcin Matkowski,1496
201003,Marco Antonio Rojas,1739
201511,Marco Cecchinato,89
201510,Marco Chiudinelli,313
201101,Marco Crugnola,237
200505,Marco Mirnegg,306
201302,Marco Trungelliti,203
201510,Marcos Baghdatis,46
201104,Marcos Daniel,147
201408,Marcos Giron,433
200107,Marcos Ondruska,182
201107,Marcus Daniell,998
200307,Marcus Sarstrand,397
201508,Mardy Fish,581
200204,Mariano Albert Ferrando,340
200305,Mariano Delfino,185
200107,Mariano Hood,485
200511,Mariano Puerta,10
200801,Mariano Zabaleta,118
201511,Marin Cilic,11
201508,Marinko Matosevic,169
201005,Mario Ancic,422
200302,Mario Monroy,1121
200307,Mario Radic,315
201506,Marius Copil,196
200607,Mariusz Fyrstenberg,682
200506,Mark Hilton,212
200202,Mark Knowles,1382
200104,Mark Merklein,464
200602,Mark Nielsen,305
200609,Mark Philippoussis,117
201204,Marko Djokovic,878
200807,Marko Tkalec,330
201404,Markos Kalovelonis,690
201507,Markus Eriksson,536
200305,Markus Hantschk,210
200307,Markus Hipfl,246
201304,Markus Kerner,1343
201510,Marsel Ilhan,97
200907,Martijn Van Haasteren,1498
201402,Martin Alund,131
201503,Martin Cuevas,420
200202,Martin Damm,380
201006,Martin Emmrich,994
201504,Martin Fischer,335
201511,Martin Klizan,44
200606,Martin Lee,256
201503,Martin Pedersen,749
200104,Martin Rodriguez,149
200809,Martin Slanar,232
201405,Martin Vaisse,309
201002,Martin Vassallo Arguello,102
200807,Martin Verkerk,270
200702,Martin Vilarrubi,533
201507,Martins Podzus,442
201509,Marton Fucsovics,234
200907,Marvin Rolle,1638
200107,Marzio Martelli,345
200507,Mashiska Washington,864
200806,Massimo Dellacqua,472
201509,Mate Delic,499
201506,Mate Pavic,404
200407,Mathias Hellstrom,534
200905,Mathieu Montcourt,123
201109,Mathieu Rodrigues,275
200504,Matias Boeker,246
200802,Matias Silva,653
200205,Matija Zgaga,922
200304,Matt Klinger,683
201306,Matt Reid,216
200704,Matt Simpson,1342
201505,Matteo Donati,282
200804,Matteo Marrai,414
201507,Matteo Trevisan,451
201404,Matteo Viola,190
200307,Matthew Behrmann,1358
200101,Matthew Breen,260
201510,Matthew Ebden,131
201506,Matthias Bachinger,116
200903,Matwe Middelkoop,268
201204,Mauricio Doria Medina,1312
201507,Mauricio Echazu,535
201007,Mauricio Estivariz,739
200104,Mauricio Hadad,255
200808,Max Mirnyi,373
201409,Maxim Dubarenco,387
201301,Maxime Authom,156
201505,Maxime Hamou,225
201507,Maxime Teixeira,340
200405,Maximilian Abel,411
201510,Maximilian Marterer,243
201505,Maximo Gonzalez,114
201404,Mazen Osama,480
201503,Mehdi Jdi,1049
200609,Mehdi Tahiri,549
201304,Mehdi Ziadi,757
200606,Melle Van Gemerden,106
200104,Melvin Tong,928
200207,Melvyn Op Der Heijde,288
201508,Michael Berrer,121
200308,Michael Chang,222
200307,Michael Joyce,302
200706,Michael Kohlmann,1494
201503,Michael Lammer,576
201202,Michael Leong,1782
201408,Michael Llodra,192
201208,Michael Mcclune,303
200709,Michael Quintero,247
201501,Michael Russell,156
201209,Michael Ryderstedt,457
200109,Michael Tebbutt,506
201505,Michael Venus,516
201209,Michael Yani,238
200910,Michail Elgin,353
200806,Michal Mertinak,555
201510,Michal Przysiezny,167
200805,Michal Tabara,596
200706,Michel Koning,793
200707,Michel Kratochvil,1511
200209,Michihisa Onoda,452
201507,Micke Kontinen,379
200805,Miguel Angel Lopez Jaen,264
201409,Miguel Angel Reyes Varela,648
201404,Miguel Gallardo Valles,544
200104,Miguel Tobon,655
201404,Mikael Torpegaard,1184
201510,Mikael Ymer,617
200909,Mikal Oliver Statham,756
200206,Mike Bryan,402
200503,Mike Scheidweiler,1167
201503,Mike Urbanija,572
201202,Mike Vermeer,1019
201507,Mikelis Libietis,1892
201309,Mikhail Biryukov,310
201309,Mikhail Elgin,949
200509,Mikhail Filima,645
201510,Mikhail Kukushkin,61
201504,Mikhail Ledovskikh,417
201510,Mikhail Youzhny,92
200205,Milen Velev,414
200307,Miles Maclagan,561
201510,Milos Raonic,9
201310,Milos Sekulic,891
201410,Miloslav Mecir,187
201304,Min Hyoek Cho,742
200509,Minh Quan Do,1422
201507,Mirza Basic,192
201510,Mischa Zverev,215
201407,Mitchell Krueger,398
200907,Mohamed Mamoun,911
201501,Mohamed Safwat,289
200207,Mohamed Wafa,1138
201404,Mohammad Ghareeb,833
200501,Mohammed Abdulla,1349
201507,Mohsen Hossein Zade,1511
200204,Mose Navarra,428
200804,Mounir El Aarej,386
201312,Mousa Shanan Zayed,2129
200404,Muhammad Khaliq Siddiq,1203
201202,Murad Inoyatov,524
200402,Musaad Al Jazzaf,1206
200107,Mustafa Azkara,834
201501,N Vijay Sundar Prashanth,557
200707,Nathan Healey,174
201407,Nathan Pasha,1187
200709,Navdeep Singh,817
200802,Nenad Zimonjic,689
201503,Nerman Fatic,803
200208,Neville Godwin,209
201510,Nick Kyrgios,32
201007,Nick Lindahl,244
200407,Nick Van Der Meer,620
200307,Nickolai Dyachok,1055
201401,Nicolaas Scholtz,952
201510,Nicolas Almagro,73
201507,Nicolas Barrientos,293
200305,Nicolas Coutelot,208
201205,Nicolas Devilder,286
200407,Nicolas Escude,67
201508,Nicolas Jarry,233
201006,Nicolas Kiefer,178
201005,Nicolas Lapentti,126
201511,Nicolas Mahut,70
201302,Nicolas Massu,578
201207,Nicolas Meister,625
201109,Nicolas Renavand,364
200610,Nicolas Thomann,266
200207,Nicolas Todero,332
201507,Niels Desein,170
201507,Nik Razborsek,714
201504,Nikola Mektic,289
201405,Nikola Milojevic,581
201209,Nikolai Fidirko,934
201405,Nikolay Davydenko,100
201510,Nikoloz Basilashvili,93
200507,Nikos Rovas,1168
201310,Nils Langer,340
201507,Noah Rubin,700
200110,Noam Behr,130
201302,Noam Okun,1087
200907,Nodar Itonishvili,1356
201510,Norbert Gombos,130
201511,Novak Djokovic,1
201402,Nutthanon Kadchapanan,1581
200209,Oh Hee Kwon,700
200304,Oleg Ogorodov,195
201206,Oliver Golding,482
200307,Oliver Gross,357
200904,Oliver Marach,464
200104,Olivier Malcor,442
200504,Olivier Mutis,125
201007,Olivier Patience,199
201306,Olivier Rochus,143
201304,Olivier Sajous,736
201102,Omar Awadhy,1112
200907,Omar Hedayet,1284
201409,Omar Jasika,787
200604,Orest Tereshchuk,427
200101,Orlin Stanoytchev,161
200107,Oscar Burrieza,365
201006,Oscar Hernandez,125
200102,Oscar Ortiz,626
200503,Oscar Rodriguez Sanchez,857
200302,Oscar Serrano,244
200209,Ota Fukarek,136
201508,Pablo Andujar,48
200207,Pablo Bianchi,662
201511,Pablo Carreno Busta,69
201511,Pablo Cuevas,35
201102,Pablo Galdon,305
200702,Pablo Gonzalez,314
201511,Paolo Lorenzi,68
200703,Paradorn Srichaphan,52
201103,Paris Gemouchidis,672
200704,Patricio Alvarado,1222
200102,Patricio Arquez,266
200602,Patrick Chucri,1390
201404,Patrick Ciorcila,589
200111,Patrick Rafter,5
201503,Patrick Tierro,1089
201410,Patrik Rosenholm,371
200701,Paul Baccanello,276
201309,Paul Capdeville,151
200708,Paul Goldstein,97
200108,Paul Harsanyi,962
201510,Paul Henri Mathieu,93
200506,Paul Logtens,286
200104,Paulo Carvallo,1228
200710,Pavel Chekhov,334
200807,Pavel Katliarov,977
200810,Pavel Snobel,184
201207,Pavol Cervenak,206
201410,Pedja Krstin,263
200402,Pedro Braga,368
201304,Pedro Sousa,268
201209,Peerakiat Siriluethaiwattana,1194
200809,Peng Sun,553
201510,Pere Riba,221
201002,Petar Jelenic,544
200208,Pete Sampras,17
200404,Peter Clarke,345
201506,Peter Gojowczyk,148
200304,Peter Handoyo,539
201107,Peter Luczak,248
201509,Peter Nagy,611
201408,Peter Polansky,129
201109,Peter Torebko,313
200710,Peter Wessels,200
200104,Petr Kralert,154
200309,Petr Luxa,402
201204,Petru Alexandru Luncanu,443
201508,Philip Bester,225
201407,Philip Davydenko,658
201510,Philipp Kohlschreiber,34
201409,Philipp Oswald,1059
201409,Philipp Petzschner,524
200501,Phillip Harboe,610
200709,Phillip King,404
201107,Phillip Simmonds,428
200909,Photos Kallias,475
201304,Piero Luisi,1056
201511,Pierre Hugues Herbert,137
201206,Pierre Ludovic Duclos,244
201405,Potito Starace,176
201307,Prakash Amritraj,308
201007,Predrag Rusevski,1533
200704,Prima Simpatiaji,923
201509,Pruchya Isarow,869
200709,Purav Raja,907
201505,Quentin Halys,296
200904,Rabie Chaki,482
201510,Radek Stepanek,259
200507,Radim Zitko,487
200509,Radoslav Lukaev,455
200307,Radoslaw Nijaki,890
201511,Radu Albot,120
200906,Raemon Sluiter,866
201404,Rafael Arevalo,1818
201511,Rafael Nadal,5
200805,Rainer Eitzinger,263
201106,Rainer Schuettler,113
201510,Rajeev Ram,98
201006,Rameez Junaid,334
201509,Ramkumar Ramanathan,218
201006,Ramon Delgado,143
201302,Ranjeet Virali Murugesan,511
200301,Raphael Durek,763
200704,Rasid Winklaar,1299
200804,Rasmus Norby,651
201109,Raven Klaasen,247
200609,Razvan Sabau,163
201107,Reda El Amrani,356
200207,Reginald Willems,363
200107,Relja Fiser Dulic,370
200307,Renzo Furlan,164
201502,Renzo Olivo,186
201501,Rhyne Williams,220
201510,Ricardas Berankis,72
200304,Ricardo Chile Fonte,1095
201101,Ricardo Hocevar,248
201302,Ricardo Mello,346
201509,Ricardo Rodriguez,346
201306,Riccardo Ghedin,319
201107,Richard Bloomfield,332
200201,Richard Fromberg,296
201511,Richard Gasquet,9
200306,Richard Krajicek,74
201404,Rik De Voest,261
200304,Rob Cheyne,939
200607,Rob Steckley,644
201408,Robby Ginepri,232
201204,Robert Farah,257
201202,Robert Kendrick,546
200809,Robert Smeets,168
200308,Robert Yim,802
201511,Roberto Bautista Agut,24
201504,Roberto Carballes Baena,202
200109,Roberto Carretero,1236
201509,Roberto Cid,928
200707,Roberto Maytin,1084
201309,Roberto Quiroz,703
201510,Robin Haase,56
201307,Robin Kern,392
200807,Robin Roshardt,588
201107,Robin Soderling,5
200905,Robin Vik,378
200302,Rodolphe Cadart,275
201507,Rodrigo Banzer,938
201409,Rodrigo Senattore,1026
201511,Roger Federer,3
201508,Rogerio Dutra Silva,299
200409,Rogier Wassen,542
201109,Rohan Bopanna,559
200604,Rok Jarc,547
200909,Roko Karanusic,131
201507,Romain Arneodo,578
201308,Romain Bogaerts,1149
201108,Romain Jouan,230
201202,Roman Borvanov,252
201107,Roman Recarte,600
200909,Roman Valent,1088
200607,Roman Vogeli,638
200107,Ronald Agenor,178
200409,Ronaldo Carvalho,435
201107,Rouzbeh Kamran,1793
201507,Ruan Roelofse,421
201508,Ruben Bemelmans,98
201404,Ruben Gonzales,1276
201404,Ruben Ramirez Hidalgo,165
201509,Rui Machado,254
201508,Ryan Harrison,129
200301,Ryan Henry,578
200604,Ryan Russell,874
201508,Ryan Shane,1410
201302,Ryan Sweeting,156
201009,Ryler Deheart,270
201401,Saketh Myneni,313
200507,Salifu Mohammed,719
200404,Salvador Navarro,209
201507,Sam Barry,425
201510,Sam Querrey,50
200808,Sam Warburg,139
201510,Samuel Groth,53
201404,Sanam Singh,371
201009,Sanchai Ratiwatana,1417
201207,Sandro Ehrat,427
201409,Sanjar Fayziev,736
201510,Santiago Giraldo,66
201110,Santiago Gonzalez,533
201510,Santiago Maresca,1522
201009,Santiago Ventura,139
200602,Sargis Sargsian,391
201302,Sarvar Ikramov,554
200605,Sasa Tuksar,166
200905,Sascha Kloer,495
200809,Satoshi Iwabuchi,339
200107,Scott Barron,336
200506,Scott Draper,871
200806,Scott Lipsky,1004
200702,Scott Oudsema,261
200503,Scott Willinsky,1356
200904,Scoville Jenkins,202
200304,Sean Cooper,1334
201107,Sebastian Decoud,215
200406,Sebastian Fitz,326
200302,Sebastian Prieto,279
201110,Sebastian Rieschick,253
200909,Sebastien De Chaunac,144
201002,Sebastien Grosjean,559
200108,Sebastien Lareau,164
201304,Sebastien Vidal,1961
200807,Sebo Kiss,781
201209,Sergei Bubka,174
200509,Sergei Yaroshenko,500
201209,Sergey Betov,514
200204,Sergi Bruguera,115
201401,Sergio Galdos,860
201204,Sergio Gutierrez Ferrol,544
200503,Sergio Ramirez,934
200907,Sergio Roitman,121
201404,Sergis Kyratzis,1574
201510,Sergiy Stakhovsky,62
200604,Serguei Tarasevitch,1256
200204,Seung Bok Baek,827
200104,Seung Hoon Lee,567
200507,Shahab Hassani Nafez,989
201507,Shahin Khaledan,2101
200509,Shahzad Khan,1497
200204,Shane Stone,1371
200910,Shao Xuan Zeng,393
201507,Sharmal Dissanayake,2018
201401,Sherif Sabry,430
201104,Simon Greul,125
200409,Simon Larose,301
200704,Simon Rea,668
200204,Simon Shen,1207
201101,Simon Stadler,288
201510,Simone Bolelli,59
201107,Simone Vagnozzi,192
200507,Sjeng Schalken,202
200804,Slah Mbarek,1832
200108,Slava Dosedel,121
201103,Slim Hamza,1602
200807,Slimane Saoudi,792
200309,Solon Peppas,606
201509,Somdev Devvarman,164
200604,Sonchat Ratiwatana,1237
201103,Soong Jae Cho,746
201511,Stanislas Wawrinka,4
201209,Stanislav Vovk,465
201103,Stefan Koubek,206
201502,Stefan Kozlov,407
200604,Stefan Wauters,212
201101,Stefano Galvani,321
200607,Stefano Ianni,559
200407,Stefano Pescosolido,157
201405,Stefano Travaglia,293
201306,Stephane Bohli,401
200110,Stephane Huet,269
201507,Stephane Robert,375
200607,Stephen Nugent,1432
201510,Steve Darcis,81
201510,Steve Johnson,47
201407,Steven Diez,265
200507,Steven Korteling,463
201007,Stian Boretti,1288
201309,Suk Young Jeong,332
200701,Sultan Khalfan,1116
200702,Sun Yong Kim Jr,734
201209,Sunu Wahyu Trijati,1273
200609,Suwandi Suwandi,751
200809,Syrym Abdukhalikov,932
200702,Tai Wei Liu,839
200710,Takahiro Terachi,411
201507,Takanyi Garanganga,398
200910,Takao Suzuki,355
201509,Takuto Niki,340
201103,Talal Ouahabi,1126
200104,Tapio Nurminen,336
200109,Taras Demyanekno,1354
201510,Taro Daniel,120
200204,Taso Vasiliadis,718
200510,Tasuku Iwami,557
201510,Tatsuma Ito,119
201010,Taylor Dent,92
201506,Taylor Harry Fritz,761
201409,Temur Ismailov,527
200610,Tetsuya Chaen,625
201511,Teymuraz Gabashvili,50
201510,Thanasi Kokkinakis,74
201404,Theodoros Angelinos,280
201302,Thiago Alves,141
201509,Thiemo De Bakker,144
201009,Thierry Ascione,238
200307,Thomas Blake,332
200510,Thomas Enqvist,155
201507,Thomas Fabbiano,209
200903,Thomas Johansson,178
201007,Thomas Kromann,1197
201110,Thomas Muster,1078
201202,Thomas Oger,1214
200407,Thomas Schiessling,652
201204,Thomas Schoorel,132
200307,Thomas Shimada,1351
201511,Thomaz Bellucci,40
201409,Ti Chen,244
201004,Tiago Fernandes,937
200209,Tiago Godinho,1274
200104,Tiago Sousa,964
201507,Tigre Hank,549
201507,Tihomir Grozdanov,1661
200807,Tim Goransson,800
200709,Tim Henman,92
201501,Tim Puetz,183
201508,Tim Smyczek,99
201509,Tim Van Rijthoven,1180
201202,Timo Nieminen,314
200907,Timothy Neilly,1083
200610,Tobias Clemens,265
201504,Tobias Kamke,114
200506,Tobias Klein,839
200705,Tobias Summerer,219
200401,Todd Larkham,168
200408,Todd Martin,96
200101,Todd Perry,484
200501,Todd Reid,175
200903,Todd Widom,232
200109,Todd Woodbridge,218
201103,Todor Enev,780
201503,Tom Kocevar Desman,548
200607,Tomas Behrend,152
201511,Tomas Berdych,6
200801,Tomas Cakl,283
200505,Tomas Tenconi,147
200808,Tomas Zib,292
201507,Tomislav Brkic,231
201007,Tomislav Jotovski,1412
200604,Tomislav Peric,1255
201302,Tomislav Ternar,728
201510,Tommy Haas,467
201508,Tommy Paul,437
201510,Tommy Robredo,30
201507,Toni Androic,363
200607,Torsten Popp,222
200709,Toshihide Matsui,536
200602,Travis Rettenmaier,297
201309,Treat Conrad Huey,1132
200208,Trevor Spracklin,882
200403,Tripp Phillips,413
201401,Tsung Hua Yang,216
201507,Tucker Vorster,334
201007,Tuna Altuna,932
200507,Tuomas Ketola,210
201003,Tzvetan Mihov,937
201507,Ugo Nastasi,673
201509,Uladzimir Ignatik,209
200509,Uros Vico,254
200510,Vadim Davletshin,620
200404,Vadim Kutsenko,366
201103,Vaja Uzakov,959
201007,Valentin Dimov,794
200507,Valentin Sanon,688
201510,Vasek Pospisil,43
200603,Vasilis Mazarakis,126
201410,Victor Baluda,466
200602,Victor Bruthans,318
201307,Victor Crivoi,206
201510,Victor Estrella,66
201503,Victor Hanescu,146
200609,Victor Ionita,271
200104,Victor Ribas,1327
200507,Victor Romero,495
201302,Vijayant Malik,537
201404,Viktor Durasovic,1307
201304,Viktor Filipenko,773
201407,Viktor Galovic,732
201511,Viktor Troicki,27
200104,Ville Liukko,572
201509,Vincent Millot,198
201002,Vincent Spadea,361
200402,Vincenzo Santopadre,145
200402,Vishal Punna,821
200601,Vishal Uppal,526
201209,Vishnu Vardhan,262
200702,Vivek Shokeen,733
201304,Vladimir Ivanov,443
200205,Vladimir Obradovic,775
200207,Vladimir Pavicevic,412
200807,Vladimir Voltchkov,423
201509,Vladyslav Manafov,441
200807,Walid Jallali,1014
201207,Walter Trusendi,386
200804,Wan Gao,1249
201509,Warit Sornbutnark,1101
200706,Wayne Arthurs,195
200404,Wayne Black,364
200503,Wayne Ferreira,249
201408,Wayne Odesnik,176
201202,Weerapat Doakmaiklee,1332
200302,Wei Jen Cheng,1332
200204,Wen Lung Chang,1371
200807,Werner Eschauer,218
200710,Wesley Moodie,157
200707,Wesley Whitehouse,373
200404,William Ward,1425
200602,Wing Luen Wong,1488
201404,Wishaya Trongcharoenchaikul,905
201309,Wisnu Adi Nugroho,1787
200809,Woong Sun Jun,246
201308,Xavier Malisse,113
201409,Xin Gao,944
200808,Xin Yuan Yu,778
201202,Ya Nan Ma,941
201510,Yan Bai,241
201407,Yann Marti,212
201210,Yannick Mertens,208
200110,Yaoki Ishii,260
201509,Yaraslau Shyla,366
200903,Yasir Khan,1797
201507,Yassine Idmbarek,910
201510,Yasutaka Uchiyama,229
201510,Yen Hsun Lu,100
200310,Yevgeny Kafelnikov,39
201007,Yew Ming Si,1763
201003,Yohny Romero,710
200202,Yong Il Yoon,284
201503,Yong Kyu Lim,523
200707,Yordan Kanev,917
201510,Yoshihito Nishioka,148
200805,Younes El Aynaoui,189
201401,Younes Rachidi,869
201109,Young Jun Kim,474
200609,Yu Jr Wang,484
200109,Yu Zhang,755
200809,Yuichi Ito,622
201510,Yuichi Sugita,132
201509,Yuki Bhambri,125
201101,Yuri Schukin,127
200804,Yves Allegro,803
200502,Zach Dailey,868
200808,Zack Fleishman,437
201510,Ze Zhang,182
200507,Zeljko Krajan,681
201509,Zhe Li,299
201509,Zhizhen Zhang,583
200307,Zibusiso Ncube,1217
200205,Zsolt Tatar,716
